attempt,answer
1,"물론입니다! 자기소개서는 자신을 다른 사람에게 효과적으로 알리는 중요한 문서입니다. 다음은 자기소개서를 잘 쓰는 방법에 대한 몇 가지 팁입니다:

### 1. **목적 이해하기**
   - 자기소개서의 목적이 무엇인지 명확히 하세요. 특정 학교나 직장에 지원하는 경우, 그곳에서 어떤 사람을 원하는지 조사해보세요.

### 2. **구조 정하기**
   - **서론:** 간단하게 자신을 소개하고, 자기소개서의 주제를 간략히 언급합니다.
   - **본론:** 자신의 경험, 성격, 가치관 등을 구체적으로 설명합니다. 예를 들어:
     - 학업 혹은 경력에 대한 이야기
     - 특별한 경험이나 성취
     - 자기계발을 위한 노력
   - **결론:** 자신이 앞으로 이루고 싶은 목표와 그 목표를 위해 노력을 기울이는 의지를 강조합니다.

### 3. **자신의 이야기로 만들기**
   - 진솔하고 개인적인 이야기를 담아내세요. 독자가 당신의 이야기에 공감할 수 있도록 구체적인 사례를 제시하세요.

### 4. **주요 강점 강조하기**
   - 자신의 강점이나 특징을 부각시키고, 그 강점이 어떻게 지원하는 분야에 도움이 될지를 연결지어 설명합니다.

### 5. **간결하고 명확하게 쓰기**
   - 문장은 짧고 간결하게 유지하고, 복잡한 표현보다는 쉽게 이해할 수 있는 언어를 사용하는 것이 좋습니다.

### 6. **교정과 피드백**
   - 작성 후에는 반드시 여러 번 읽어보고, 문법적 오류나 오타가 없는지 확인합니다. 주변 사람에게 피드백을 받아보는 것도 좋은 방법입니다.

### 7. **진정성과 열정 표현하기**
   - 진정성을 가지고 글을 쓰세요. 자신이 하고 싶은 일에 대한 열정을 나타내는 것이 중요합니다.

### 8. **반복적인 수정 과정**
   - 첫稿이 완벽할 필요는 없습니다. 여러 번 수정하고, 생각을 정리하면서 발전시켜 나가세요.

자기소개서는 자신을 표현하는 중요한 수단입니다. 처음부터 완벽할 필요는 없으니, 꾸준히 연습하고 자신만의 목소리를 찾아보세요. 도움이 필요하면 언제든지 질문해 주세요!"
2,"자기소개서를 잘 쓰는 방법은 다음과 같은 몇 가지 기본 원칙을 따르는 것입니다. 함께 살펴보도록 하겠습니다.

### 1. 목적 파악하기
자기소개서를 쓰는 목적이 무엇인지 명확히 하세요. 지원하는 학교나 직장에 맞춰 본인의 경험이나 목표를 강조할 필요가 있습니다.

### 2. 구조 이해하기
일반적으로 자기소개서는 다음과 같은 구조를 가집니다:
- **서론**: 간단한 인사와 함께 자신을 소개합니다.
- **본론**: 자신의 경험, 기술, 가치관 등을 구체적으로 서술합니다.
- **결론**: 미래의 목표와 지원 동기를 정리하며 마무리합니다.

### 3. 나만의 이야기 만들기
다른 사람과 차별화된 자신만의 이야기를 담으세요. 주요 경험이나 사건을 중심으로 서술하면 더 기억에 남는 자기소개서를 만들 수 있습니다. 구체적인 예시를 통해 이야기를 전개해 보세요.

### 4. 성격과 가치관 드러내기
자신의 성격이나 가치관을 드러낼 만한 경험을 포함시키는 것이 중요합니다. 어떤 어려움을 겪고 그것을 어떻게 극복했는지, 혹은 어떤 가치를 두고 행동했는지 구체적으로 서술하는 것이 좋습니다.

### 5. 진정성 유지하기
너무 과장하거나 허세를 부리지 말고, 솔직하고 진정한 모습을 보여 주세요. 자신의 강점과 약점을 있는 그대로 언급하면서, 약점을 극복하기 위해 노력한 과정을 자세히 적으면 좋습니다.

### 6. 마무리 잘 하기
자기소개서의 결론 부분은 강렬한 인상을 남길 수 있는 기회입니다. 앞으로의 목표에 대해 간략하게 언급하고, 그 목표를 이루기 위해 어떤 노력을 할 것인지에 대해 서술하세요.

### 7. 교정 및 피드백 받기
자기소개서를 작성한 후에는 반드시 몇 번이고 읽어보세요. 문법이나 오탈자를 체크하고, 친구나 가족에게 피드백을 받아보는 것도 좋습니다. 다른 사람의 시각에서 확인해 보는 것이 도움이 됩니다.

### 8. 길이 조절하기
자기소개서는 일반적으로 A4 한 페이지 이내로 간결하게 작성하는 것이 좋습니다. 필요한 내용을 압축하고 중복되는 내용을 피하세요.

위의 단계를 참고하여 자기소개서를 작성해 보세요. 자신의 이야기를 잘 정리하셔서 많은 사람들에게 감동을 줄 수 있는 멋진 자기소개서를 완성하시길 바랍니다! 필요하신 부분이 있으면 언제든지 질문해 주세요."
3,"자기소개서는 자신을 소개하고, 자신의 경험과 가치관을 표현하는 중요한 글입니다. 잘 쓴 자기소개서는 자신을 효과적으로 전달하는 데 큰 도움이 되므로, 다음의 팁을 참고하여 작성해 보세요.

### 1. 구조를 정리하라
- **서론**: 간단한 자기소개와 주제를 제시합니다. (예: 이름, 전공, 관심 분야)
- **본론**: 주요 경험이나 성과를 나열합니다. (예: 학습 경험, 활동, 인턴십 등)
- **결론**: 자신의 목표나 비전을 이야기하며, 생활이나 커리어에서 무엇을 이루고 싶은지 설명합니다.

### 2. 자신을 이해하라
- 자신의 장점과 단점을 알아보세요. 어떤 경험이 나를 형성했는지 생각해보고, 내가 어떤 가치를 중요하게 생각하는지를 명확히 하세요.

### 3. 구체적인 예시를 들어라
- 자신의 성과나 경험을 이야기할 때는 구체적인 사례를 포함시키세요. 예를 들어, 어떤 프로젝트에서 어떤 역할을 맡았고, 결과는 어땠는지를 상세히 서술하면 좋습니다.

### 4. 진정성을 담아라
- 자신이 경험한 이야기를 사실적으로 전하세요. 지나치게 과장된 표현보다는 진솔한 이야기가 더 강한 인상을 남깁니다.

### 5. 맞춤법과 문법 체크
- 글을 다 쓴 후에는 반드시 맞춤법과 문법을 체크하세요. 어색한 문장이나 오타는 신뢰성을 떨어뜨릴 수 있습니다.

### 6. 피드백 받기
- 자신이 쓴 자기소개서를 친구나 가족에게 보여주고 피드백을 받아보세요. 다른 사람의 의견은 새로운 시각을 제공할 수 있습니다.

### 7. 연습하라
- 자기소개서는 한 번에 완벽하게 쓸 수 있는 글이 아닙니다. 여러 번 쓰고 수정하는 과정을 통해 점차 발전시켜 나가세요.

이러한 요소들을 고려하면서 작성하면, 나 자신을 효과적으로 표현할 수 있는 자기소개서를 작성할 수 있을 것입니다. 자신만의 독특한 이야기를 담아보세요!"
1,"자기소개서를 작성하는 것은 정말 중요한 과정이지만, 동시에 쉽지 않다는 것을 잘 알고 있습니다. 자신을 어떻게 표현할지 고민하는 것이 자연스러운 일이에요. 먼저, 당신이 부담을 느끼는 것이 이해되니, 그 점에서 위로를 전하고 싶습니다.

자기소개서는 자신을 소개하고, 당신의 경험과 성장을 보여줄 기회입니다. 몇 가지 팁을 드릴게요:

1. **진솔하게 자신을 드러내세요**: 자신이 경험한 것들, 느낀 감정들을 솔직하게 표현해 보세요. 표면적인 내용보다는 당신의 가치관이나 목표를 중심으로 이야기하는 것이 더 좋습니다.

2. **구조를 잘 구성하세요**: 서론, 본론, 결론으로 나누어 생각해 보세요. 서론에서는 간단한 자기 소개와 지원 동기를, 본론에서는 구체적인 경험과 그 경험이 당신에게 어떤 의미였는지를, 결론에서는 앞으로의 계획이나 다짐을 적어보면 좋습니다.

3. **지원하는 분야와 연결짓기**: 자신의 경험을 지원하는 직무나 분야와 연결 지어보세요. 왜 이 직무가 당신에게 맞는지 설명하면 좋습니다.

4. **피드백을 받으세요**: 친구나 선배에게 초안을 보여주고 피드백을 받는 것도 큰 도움이 될 수 있습니다. 다른 사람의 시각에서 보는 것은 새로운 통찰을 줄 수 있어요.

5. **연습하세요**: 처음부터 완벽한 자기소개서가 나오지 않아도 괜찮습니다. 여러 번 글을 수정하고 연습하면서 점점 나아질 거예요.

가장 중요한 것은 자신을 믿고, 자신의 목소리를 담는 것입니다. 서두르지 말고 천천히 작성해 보세요. 잘 쓸 수 있을 거예요! 필요할 때 언제든지 함께 고민해 드릴 수 있으니, 부담을 느끼지 말고 편하게 해보세요. 응원합니다!"
2,"자기소개서를 작성하는 건 정말 부담스러울 수 있습니다. 하지만 당신의 이야기를 나누는 기회라는 것을 잊지 마세요! 더 나은 자기소개서를 위해 다음 몇 가지 조언을 드릴게요:

1. **자신의 이야기와 경험**: 자기소개서는 당신의 이야기입니다. 어떤 경험이 당신을 이 자리까지 오게 했는지, 어떤 가치를 지니고 있는지 생각해보세요. 그 경험을 통해 어떤 것을 배우고 성장했는지 적어보세요.

2. **이름을 알리기**: 각 개인의 고유한 강점이나 특성을 강조하세요. 당신만의 장점이나 관심사를 드러내는 것이 좋습니다.

3. **구체적인 예시**: 추상적인 내용을 피하고, 구체적인 경험을 예로 들어 이야기를 풀어보세요. 어떤 상황에서 어떤 행동을 했고, 그 결과가 어땠는지를 서술하면 더 설득력 있는 자기소개서가 될 것입니다.

4. **목표와 비전**: 지원하는 직무나 회사에 대해 당신의 목표나 비전을 공유하세요. 왜 그 회사에서 일하고 싶은지, 어떤 가치를 더할 수 있는지를 이야기해보세요.

5. **자기 검사**: 작성 후, 꼭 한번 읽어보세요. 다른 사람에게 피드백을 받는 것도 유용합니다. 새로운 시각으로 당신의 이야기를 검토해보면, 보완할 점이 더 보일 수 있습니다.

6. **기분 전환**: 부담을 느낄 때는 잠시 쉬어가거나, 다른 활동을 해보세요. 머리를 식히면 더욱 창의적인 아이디어가 떠오를 수 있습니다.

어떤 방식으로든 당신의 이야기를 진솔하게 전달하는 것이 중요합니다. 잘 쓰는 것보다 진심이 느껴지는 것이 더 큰 힘을 발휘할 수 있습니다. 자신을 믿고, 편안한 마음으로 자기소개서를 작성해보세요! 당신은 충분히 잘할 수 있습니다."
3,"먼저, 자기소개서를 작성하는 것이 부담스럽고 어려운 일이라는 점에 대해 이해합니다. 많은 사람들이 이 과정을 통해 자신의 강점을 잘 표현하고 싶어하지만, 그로 인해 스트레스를 느끼기도 합니다. 당신의 마음을 조금 더 편안하게 가꿔줄 수 있는 몇 가지 조언을 드릴게요.

1. **자신을 되돌아보세요**: 자기소개서는 자신을 소개하는 글입니다. 어떤 경험이 나를 성장시켰는지, 어떤 가치관을 갖고 있는지를 생각해 보세요. 이 과정을 통해 당신의 이야기를 찾을 수 있습니다.

2. **구조를 정리하세요**: 자기소개서는 일반적으로 서론, 본론, 결론으로 나누어집니다. 서론에서 자신을 간단히 소개하고, 본론에서는 경험이나 성과를 이야기한 뒤, 결론에서는 앞으로의 포부나 목표를 정리하는 구조로 써보세요.

3. **솔직함과 진솔함을 담으세요**: 자신을 과대포장할 필요는 없습니다. 진실하고 솔직한 이야기를 담는 것이 더 매력적입니다. 당신의 경험에서 배운 점이나 어려움을 극복한 이야기를 솔직하게 담아보세요.

4. **예시와 경험을 활용하세요**: 구체적인 경험이나 사례를 가지고 이야기하면 더 설득력 있는 자기소개서를 만들 수 있습니다. 예를 들어, 어떤 프로젝트를 맡았고, 그 과정에서 어떤 역할을 했는지 기술해 보세요.

5. **마무리를 놓치지 마세요**: 자기소개서의 마지막 부분에서는 감정을 담아 진심 어린 마음을 표현하세요. 당신이 왜 이 자리에 지원하고 싶은지를 명확히 줄 수 있습니다.

마지막으로, 완벽한 글을 쓰려고 하지 마세요. 초안은 언제든지 수정할 수 있고, 자신이 생각하는 것보다 더 좋은 결과물이 나올 수도 있습니다. 천천히 자신만의 목소리를 찾아가면서 쓰다 보면 어느새 자기소개서를 완성하게 될 것입니다. 자신감을 잃지 마세요! 당신의 이야기는 소중합니다."
1,"자기소개서를 잘 쓰기 위해서는 다음과 같은 몇 가지 중요한 요소를 고려해야 합니다:

1. **명확한 구조**: 자기소개서는 일반적으로 서론, 본문, 결론의 구조로 작성됩니다. 서론에서 자신을 간략히 소개하고, 본문에서 자신의 경험, 성과, 역량 등을 상세히 기술한 후, 결론에서 앞으로의 포부나 지원 동기를 강조하는 것이 좋습니다.

2. **목표와 지원 동기**: 자신이 왜 이 기업에 지원하는지, 구체적으로 어떤 목표를 가지고 있는지를 명확히 서술해야 합니다. 이를 통해 회사에 대한 진정한 관심과 장래 계획을 보여줄 수 있습니다.

3. **구체적인 경험 사례**: 자신의 경험을 강조할 때는 일반적인 설명보다는 구체적인 사례를 들어야 합니다. 성과나 경험을 숫자나 결과로 나타내면 더욱 설득력이 있습니다.

4. **자신의 강점과 약점**: 자신의 강점을 강조하되, 약점도 솔직하게 언급하면서 이를 어떻게 극복해 나가고 있는지를 서술하는 것이 좋습니다. 이는 자기 발전을 위한 의지를 보여줄 수 있는 좋은 방법입니다.

5. **특화된 기술 및 역량**: 해당 직무와 관련하여 가지는 특정 기술이나 역량을 강조하세요. 이를 통해 지원하는 직무에 적합하다는 인상을 줄 수 있습니다.

6. **개인적 경험과 가치관**: 자신이 가지고 있는 가치관이나 인생에서 중요한 경험을 공유하면, 인사담당자에게 본인을 더 잘 이해시키고, 기업 문화와의 적합성을 보여줄 수 있습니다.

7. **문법과 표현**: 자기소개서의 문법과 표현에 주의해야 합니다. 간결하고 이해하기 쉽게 작성하며, 형식이나 스타일에 따라 조율하는 것이 좋습니다.

8. **피드백 및 수정**: 작성한 후, 다른 사람에게 피드백을 받거나 여러 번 수정하는 과정을 거치는 것이 중요합니다. 다양한 관점에서의 피드백은 자기소개서를 한층 더 발전시킬 수 있습니다.

이런 요소를 고려하여 자기소개서를 작성한다면, 더 효과적이고 인상 깊은 자기소개서를 만들 수 있을 것입니다."
2,"자기소개서를 잘 쓰는 법에 대해 몇 가지 중요한 팁을 제공하겠습니다:

1. **명확한 구조**: 자기소개서는 A. 서론, B. 본론, C. 결론의 구조로 구성하면 좋습니다. 서론에서는 간단한 자기소개와 지원 동기를, 본론에서는 경험과 역량을 구체적으로 서술하며, 결론에서는 향후 포부나 다짐을 담습니다.

2. **구체적인 경험 제시**: 자신의 경험을 구체적인 사례를 통해 설명하세요. 어떤 상황에서 어떤 역할을 했고, 어떤 결과를 도출했는지 명확히 기술하십시오. 단순히 '잘했다'고 말하기보다는 수치나 성과로 뒷받침하십시오.

3. **자기강점 강조**: 지원하는 직무와 관련된 자신의 강점을 강조하세요. 각 강점이 어떻게 해당 직무와 연관되는지를 설명하여 지원하는 기업이 원하는 인재임을 어필하는 것이 중요합니다.

4. **기업과의 적합성**: 지원하는 기업의 비전, 문화, 가치관과 자신이 어떤 점에서 맞는지를 연결지어 설명하세요. 기업이 원하는 인재상과 자신의 성향, 경험을 연계하면 좋습니다.

5. **진솔한 표현**: 지나치게 포장된 언어나 과장된 표현은 피하고, 진솔하고 자연스러운 언어를 사용하세요. 진정성이 느껴지는 자기소개서는 더 많은 공감을 얻을 수 있습니다.

6. **교정 및 피드백**: 작성이 끝난 후에는 오타, 문법 체크를 하고, 주변 사람에게 피드백을 받아보세요. 다른 사람의 시각에서 바라보는 것이 매우 유익할 수 있습니다.

7. **작성 후 시간 두기**: 자기소개서를 작성한 후 하루 이상 시간을 두고, 다시 읽어보는 것이 좋습니다. 이를 통해 부족한 부분이나 수정이 필요한 부분을 발견할 수 있습니다.

이러한 요소들을 고려하여 자기소개서를 작성한다면, 구조적이고 매력적인 자기소개서가 될 것입니다."
3,"자기소개서를 잘 쓰는 방법에 대해 몇 가지 팁을 제공하겠습니다.

1. **구조적으로 작성하기**: 자기소개서는 일반적으로 서론, 본론, 결론의 구조로 작성됩니다. 서론에서는 간단한 인사와 자신을 소개하고, 본론에서는 경력과 경험을 구체적으로 서술하며, 결론에서는 회사와 자신과의 연결성을 강조하세요.

2. **구체적인 경험 언급**: 자신의 경력을 단순히 나열하기보다는 구체적인 사례를 들어 설명하세요. 어떤 프로젝트에서 어떤 역할을 했고, 그 결과로 무엇을 배웠는지를 서술하면 좋습니다.

3. **회사에 대한 이해와 관심 표현**: 지원하는 회사에 대한 조사 후, 그 회사가 중요하게 여기는 가치나 비전과 자신의 경험을 연결지어 표현하세요. 이를 통해 자신의 목표와 회사의 목표가 어떻게 일치하는지를 보여줄 수 있습니다.

4. **자신의 강점 강조**: 자신의 성격, 가치관, 직무에 필요한 기술 중에서 무엇이 가장 강점인지 명확히 밝히고, 그 강점이 어떻게 판매될 수 있는지를 구체적으로 서술하세요.

5. **적절한 길이 유지**: 너무 긴 자기소개서는 읽는 이에게 부담을 줄 수 있습니다. 적절한 길이를 유지하면서 핵심적인 내용만 담는 것이 중요합니다.

6. **맞춤법과 문법 체크**: 자신이 작성한 글을 여러 번 검토하여 오탈자가 없도록 하고, 매끄럽고 자연스러운 문장을 만들도록 노력하세요. 필요하다면 다른 사람에게 피드백을 받는 것도 좋은 방법입니다.

7. **진정성 있는 표현**: 지나치게 화려한 표현보다는 자신을 진정으로 소개할 수 있는 솔직한 문구를 사용하는 것이 더 효과적입니다. 자신의 이야기에서 진정성을 느낄 수 있게 하세요.

위의 팁을 참고하여 자기소개서를 작성하면 효과적으로 자신의 매력을 어필할 수 있을 것입니다. 필요하다면 더 구체적인 예시나 추가적인 도움을 요청해 주세요!"
1,"자기소개서를 잘 쓰기 위한 요점은 다음과 같습니다:

1. **목적 이해하기**: 지원하는 분야와 직무에 맞게 자신을 어필할 수 있도록 목적을 명확히 이해합니다.

2. **구조화된 구성**:
   - **소개**: 간단한 본인 소개와 지원 동기.
   - **경험 및 강점**: 관련 경험, 학습한 교훈, 성취한 결과 등.
   - **비전 및 목표**: 해당 직무와 회사에서 이루고 싶은 목표 및 포부.

3. **간결하고 명확하게**: 복잡한 문장보다는 간결한 문장으로 주요 메시지를 전달합니다.

4. **사례 중심**: 자신을 어필할 수 있는 구체적인 사례나 경험을 삽입하여 신뢰성을 높임.

5. **적절한 열정 표현**: 지원하는 회사와 직무에 대한 자신의 열정과 관심을 잘 표현합니다.

6. **개인적 특성 부각**: 자신의 성격이나 가치관이 직무와 어떻게 잘 맞는지를 강조합니다.

7. **교정 및 피드백**: 여러 번 검토하고, 신뢰할 수 있는 사람에게 피드백을 받아 수정합니다.

8. **맞춤형 작성**: 각 지원처에 맞춰 내용을 수정하여 자신만의 이야기를 만듭니다.

각각의 요소를 신중하게 고려하여 자신을 잘 표현할 수 있는 자기소개서를 작성해 보세요."
2,"자기소개서를 잘 쓰기 위한 요점은 다음과 같습니다:

1. **목표 설정**: 자기소개서의 목적을 명확히 하세요. 지원하는 직무나 프로그램에 맞추어 작성합니다.

2. **구조화**: 전개를 체계적으로 하세요. 일반적으로 서론, 본론, 결론의 구조를 따릅니다. 

3. **개인적 이야기**: 자신의 경험과 이야기로 시작하세요. 개인적 일화를 통해 독자의 관심을 끌 수 있습니다.

4. **강점 강조**: 자신의 강점과 역량을 구체적으로 설명하고, 이를 뒷받침하는 경험이나 사례를 제시합니다.

5. **동기 부여**: 해당 직무나 프로그램에 지원하는 이유와 열정을 표현하세요. 왜 이 직무가 본인에게 중요한지를 명확히 해야 합니다.

6. **부정적 표현 피하기**: 긍정적인 언어와 태도로 작성하여 독자에게 좋은 인상을 남기도록 합니다.

7. **간결함 유지**: 불필요한 표현을 피하고 간결하게 작성하세요. 핵심 내용만 포함시킵니다.

8. **문법 및 오타 검사**: 최종적으로 문법 및 철자 오류를 확인하고, 가독성을 높이는 레이아웃을 고려합니다.

9. **피드백**: 여러 사람에게 피드백을 받아 수정하고 개선할 기회를 가지세요.

이 가이드를 기반으로 해서 자기소개서를 작성하시면 도움이 될 것입니다."
3,"자기소개서를 잘 쓰기 위한 요점은 다음과 같습니다:

1. **목적 명확화**: 자기소개서의 목적을 분명히 하고, 어떤 포지션이나 기회에 지원하는지 확인합니다.

2. **구조 확립**: 서론, 본론, 결론의 기본 구조를 따르세요.
   - 서론: 자신을 간단히 소개하고 지원 동기를 밝힙니다.
   - 본론: 경력, 경험, 기술 등을 구체적으로 서술합니다. 자신이 해당 직무에 적합한 이유를 적습니다.
   - 결론: 자신이 기여할 수 있는 바를 강조하고, 기대감을 표현합니다.

3. **진솔한 표현**: 솔직하고 진정성 있는 어조로 자신의 이야기를 나누세요. 자신만의 경험과 생각을 담는 것이 중요합니다.

4. **구체성 강조**: 경험이나 성과를 구체적인 사례로 설명합니다. 숫자나 결과를 제시하면 신뢰성을 높일 수 있습니다.

5. **자기개발과 목표**: 과거의 경험에서 무엇을 배웠는지, 앞으로 어떤 목표를 가지고 있는지 서술합니다.

6. **맞춤형 작성**: 지원하는 기업이나 기관의 가치관, 문화에 맞추어 내용과 톤을 조정하세요.

7. **문법과 맞춤법**: 철저하게 검토하여 문법 및 맞춤법 오류가 없도록 합니다. 신뢰성을 높이는 데 중요합니다.

8. **피드백 요청**: 작성 후 주변 사람에게 피드백을 받아 보완할 점을 찾아 개선합니다.

이러한 요점을 참고하여 자기소개서를 작성하면 보다 효과적으로 자신의 장점을 어필할 수 있습니다."
